capture_file,pair,size_usd,captured_at_utc,input_amount_atomic,jtx_out_amount,jupiter_out_amount,dflow_dev_out_amount,exact_fee_bps,displayed_fee_tier_bps,exact_fee_matches_displayed_tier,quote_gap_bps_vs_jupiter,jtx_minus_dflow_dev_bps,fee_predicted_gap_bps,residual_gap_bps,sync_gap_seconds_max,sync_class,route_labels,route_leg_count,slippage_bps,jtx_reported_price_impact_pct,normalization_note,validation_status
jtx_capture_sanitized_20260728T121423Z.json,USDC->SOL,1000.0,2026-07-28T12:14:23.049Z,1000000000,13664731420,13667510398,13667607007,2.0,2.0,True,2.0333,-2.1039,2.0,0.0333,0.679,STRONG,DFlow JIT Router,1,50,0,wrapped-token mints used throughout (SOL/WETH/USDT/USDC/JUP/XAUt0 wrapped or SPL forms); no native-SOL variant observed,OK
jtx_capture_sanitized_20260728T133922Z.json,USDC->SOL,1000.0,2026-07-28T13:39:22.152Z,1000000000,13769990533,13773450070,13773303185,2.0,2.0,True,2.5117,-2.4051,2.0,0.5117,0.638,STRONG,DFlow JIT Router,1,50,0.0000330178914821120921584955,wrapped-token mints used throughout (SOL/WETH/USDT/USDC/JUP/XAUt0 wrapped or SPL forms); no native-SOL variant observed,OK
jtx_capture_sanitized_20260728T134742Z.json,USDC->SOL,1000.0,2026-07-28T13:47:42.892Z,1000000000,13817181204,13821749930,13819945041,2.0,2.0,True,3.3055,-1.9999,2.0,1.3055,1.031,STRONG,PancakeSwap|DFlow JIT Router|Raydium CLMM,3,50,0.000068495805129124121666818,wrapped-token mints used throughout (SOL/WETH/USDT/USDC/JUP/XAUt0 wrapped or SPL forms); no native-SOL variant observed,OK
jtx_capture_sanitized_20260728T135519Z.json,USDC->SOL,1000.0,2026-07-28T13:55:19.078Z,1000000000,13771650396,13774452577,13774489528,2.0,2.0,True,2.0343,-2.0612,2.0,0.0343,1.288,STRONG,PancakeSwap|DFlow JIT Router,2,50,0.0002777787048608789999781166,wrapped-token mints used throughout (SOL/WETH/USDT/USDC/JUP/XAUt0 wrapped or SPL forms); no native-SOL variant observed,OK
jtx_capture_sanitized_20260728T140306Z.json,USDC->SOL,1000.0,2026-07-28T14:03:06.745Z,1000000000,13755295482,13757241459,13759275219,2.0,2.0,True,1.4145,-2.8924,2.0,-0.5855,1.308,STRONG,BisonFi|Tessera V,2,50,0.0001436177449049121563492479,wrapped-token mints used throughout (SOL/WETH/USDT/USDC/JUP/XAUt0 wrapped or SPL forms); no native-SOL variant observed,OK
jtx_capture_sanitized_20260728T210445Z.json,USDC->SOL,100.0,2026-07-28T21:04:45.602Z,100000000,1350251932,1350565798,1350533756,2.0,2.0,True,2.324,-2.0868,2.0,0.324,1.285,STRONG,Whirlpools|DFlow JIT Router|AlphaQ,3,50,0.0000782734981178815743380691,wrapped-token mints used throughout (SOL/WETH/USDT/USDC/JUP/XAUt0 wrapped or SPL forms); no native-SOL variant observed,OK
jtx_capture_sanitized_20260728T211112Z.json,USDC->SOL,100.0,2026-07-28T21:11:12.934Z,100000000,1350952007,1351272182,1351245740,2.0,2.0,True,2.3694,-2.1738,2.0,0.3694,1.368,STRONG,DFlow JIT Router,1,50,0.0000453587279798080809171166,wrapped-token mints used throughout (SOL/WETH/USDT/USDC/JUP/XAUt0 wrapped or SPL forms); no native-SOL variant observed,OK
jtx_capture_sanitized_20260728T211715Z.json,USDC->SOL,100.0,2026-07-28T21:17:15.581Z,100000000,1351481460,1351722247,1351736113,2.0,2.0,True,1.7813,-1.8839,2.0,-0.2187,0.787,STRONG,DFlow JIT Router,1,50,0.0004085023474695520090671809,wrapped-token mints used throughout (SOL/WETH/USDT/USDC/JUP/XAUt0 wrapped or SPL forms); no native-SOL variant observed,OK
jtx_capture_sanitized_20260728T212335Z.json,USDC->SOL,10000.0,2026-07-28T21:23:35.253Z,10000000000,135057988204,135086441269,135084062350,0.0,2.0,False,2.1063,-1.9302,2.0,0.1063,0.644,STRONG,BisonFi,1,50,0.0000693288558690318382891655,wrapped-token mints used throughout (SOL/WETH/USDT/USDC/JUP/XAUt0 wrapped or SPL forms); no native-SOL variant observed,OK
jtx_capture_sanitized_20260728T212945Z.json,USDC->SOL,10000.0,2026-07-28T21:29:45.334Z,10000000000,134939098082,134966835376,134963851357,2.0,2.0,True,2.0551,-1.8341,2.0,0.0551,0.494,STRONG,DFlow JIT Router|HumidiFi|Whirlpools,3,50,0.0005118594785957861225693051,wrapped-token mints used throughout (SOL/WETH/USDT/USDC/JUP/XAUt0 wrapped or SPL forms); no native-SOL variant observed,OK
jtx_capture_sanitized_20260728T213643Z.json,USDC->SOL,10000.0,2026-07-28T21:36:43.542Z,10000000000,134778231823,134828322084,134807027301,2.0,2.0,True,3.7151,-2.1361,2.0,1.7151,1.461,STRONG,DFlow JIT Router,1,50,0.0000234664208723390312438293,wrapped-token mints used throughout (SOL/WETH/USDT/USDC/JUP/XAUt0 wrapped or SPL forms); no native-SOL variant observed,OK
jtx_capture_sanitized_20260728T231746Z.json,USDC->JUP,1000.0,2026-07-28T23:17:46.517Z,1000000000,5266464045,5281134072,5279999575,25.0,25.0,True,27.7782,-25.6355,25.0,2.7782,1.364,STRONG,DFlow JIT Router|Whirlpools|Meteora DLMM,3,50,0.0006862181979581324031336623,wrapped-token mints used throughout (SOL/WETH/USDT/USDC/JUP/XAUt0 wrapped or SPL forms); no native-SOL variant observed,OK
jtx_capture_sanitized_20260728T232423Z.json,USDC->JUP,1000.0,2026-07-28T23:24:23.001Z,1000000000,5261189409,5281159200,5273819774,25.0,25.0,True,37.8133,-23.9492,25.0,12.8133,1.169,STRONG,DFlow JIT Router|HumidiFi|Whirlpools,3,50,0.001043210969020384856793428,wrapped-token mints used throughout (SOL/WETH/USDT/USDC/JUP/XAUt0 wrapped or SPL forms); no native-SOL variant observed,OK
jtx_capture_sanitized_20260728T233031Z.json,USDC->JUP,1000.0,2026-07-28T23:30:31.954Z,1000000000,5271549885,5284619016,5283009849,25.0,25.0,True,24.7305,-21.6921,25.0,-0.2695,1.343,STRONG,HumidiFi,1,50,0.000465829233294957581613325,wrapped-token mints used throughout (SOL/WETH/USDT/USDC/JUP/XAUt0 wrapped or SPL forms); no native-SOL variant observed,OK
jtx_capture_sanitized_20260728T234322Z.json,USDC->JUP,1000.0,2026-07-28T23:43:22.260Z,1000000000,5242139601,5260629183,5253841091,25.0,25.0,True,35.1471,-22.2723,25.0,10.1471,1.067,STRONG,HumidiFi|DFlow JIT Router|Whirlpools,3,50,0.0014868443328177026596210885,wrapped-token mints used throughout (SOL/WETH/USDT/USDC/JUP/XAUt0 wrapped or SPL forms); no native-SOL variant observed,OK
jtx_capture_sanitized_20260729T005631Z.json,USDC->JUP,1000.0,2026-07-29T00:56:31.915Z,1000000000,5168787825,5182511030,5181130546,25.0,25.0,True,26.4798,-23.8224,25.0,1.4798,0.837,STRONG,DFlow JIT Router|HumidiFi|Whirlpools,3,50,0.0010699668070100645034979366,wrapped-token mints used throughout (SOL/WETH/USDT/USDC/JUP/XAUt0 wrapped or SPL forms); no native-SOL variant observed,OK
jtx_capture_sanitized_20260729T014810Z.json,USDC->JUP,1000.0,2026-07-29T01:48:10.944Z,1000000000,5206535655,5219584435,5211821361,25.0,25.0,True,24.9997,-10.1418,25.0,-0.0003,1.842,STRONG,HumidiFi,1,50,0,wrapped-token mints used throughout (SOL/WETH/USDT/USDC/JUP/XAUt0 wrapped or SPL forms); no native-SOL variant observed,OK
jtx_capture_sanitized_20260729T020536Z.json,USDC->USDT,1000.0,2026-07-29T02:05:36.161Z,1000000000,1000967924,1001070143,1001068257,1.0,1.0,True,1.0211,-1.0023,1.0,0.0211,0.715,STRONG,Deriverse|DFlow JIT Router,2,50,0.0000329843014087357197389498,wrapped-token mints used throughout (SOL/WETH/USDT/USDC/JUP/XAUt0 wrapped or SPL forms); no native-SOL variant observed,OK
jtx_capture_sanitized_20260729T021200Z.json,USDC->USDT,1000.0,2026-07-29T02:12:00.181Z,1000000000,1000975674,1001085964,1001075782,1.0,1.0,True,1.1017,-1.0,1.0,0.1017,0.639,STRONG,DFlow JIT Router|Deriverse,2,50,0.0000207806886223053472592403,wrapped-token mints used throughout (SOL/WETH/USDT/USDC/JUP/XAUt0 wrapped or SPL forms); no native-SOL variant observed,OK
jtx_capture_sanitized_20260729T021818Z.json,USDC->USDT,1000.0,2026-07-29T02:18:18.286Z,1000000000,1000966081,1001120208,1001066607,1.0,1.0,True,1.5395,-1.0042,1.0,0.5395,1.428,STRONG,Deriverse|DFlow JIT Router,2,50,0.0005392020277066829051381124,wrapped-token mints used throughout (SOL/WETH/USDT/USDC/JUP/XAUt0 wrapped or SPL forms); no native-SOL variant observed,OK
jtx_capture_sanitized_20260729T023342Z.json,USDC->XAUt0,1000.0,2026-07-29T02:33:42.301Z,1000000000,247865,248476,248487,25.0,25.0,True,24.5899,-25.0315,25.0,-0.4101,0.746,STRONG,DFlow JIT Router|Byreal|Byreal,3,50,0.0002194903329617683375153352,wrapped-token mints used throughout (SOL/WETH/USDT/USDC/JUP/XAUt0 wrapped or SPL forms); no native-SOL variant observed,OK
jtx_capture_sanitized_20260729T024033Z.json,USDC->XAUt0,1000.0,2026-07-29T02:40:33.165Z,1000000000,247864,248468,248485,25.0,25.0,True,24.309,-24.9914,25.0,-0.691,1.005,STRONG,DFlow JIT Router|Byreal|Byreal,3,50,0.0002190151346462790549079942,wrapped-token mints used throughout (SOL/WETH/USDT/USDC/JUP/XAUt0 wrapped or SPL forms); no native-SOL variant observed,OK
jtx_capture_sanitized_20260729T024651Z.json,USDC->XAUt0,1000.0,2026-07-29T02:46:51.674Z,1000000000,247809,248419,248430,25.0,25.0,True,24.5553,-24.997,25.0,-0.4447,0.941,STRONG,DFlow JIT Router|Byreal|Byreal,3,50,0.0003302876899909699469031739,wrapped-token mints used throughout (SOL/WETH/USDT/USDC/JUP/XAUt0 wrapped or SPL forms); no native-SOL variant observed,OK
jtx_capture_sanitized_20260729T043239Z.json,USDC->SOL,1000.0,2026-07-29T04:32:39.720Z,1000000000,13671357166,13674817547,13674034846,2.0,2.0,True,2.5305,-1.9582,2.0,0.5305,1.43,STRONG,HumidiFi|DFlow JIT Router|Whirlpools,3,50,0.0001820045325986721462823569,wrapped-token mints used throughout (SOL/WETH/USDT/USDC/JUP/XAUt0 wrapped or SPL forms); no native-SOL variant observed,OK
jtx_capture_sanitized_20260729T043923Z.json,USDC->SOL,1000.0,2026-07-29T04:39:23.204Z,1000000000,13641845225,13643701939,13645088443,2.0,2.0,True,1.3609,-2.3768,2.0,-0.6391,0.725,STRONG,DFlow JIT Router,1,50,0,wrapped-token mints used throughout (SOL/WETH/USDT/USDC/JUP/XAUt0 wrapped or SPL forms); no native-SOL variant observed,OK
jtx_capture_sanitized_20260729T044555Z.json,USDC->SOL,1000.0,2026-07-29T04:45:55.202Z,1000000000,13664637380,13667362365,13667638749,2.0,2.0,True,1.9938,-2.196,2.0,-0.0062,1.151,STRONG,BisonFi|Tessera V,2,50,0.0000073177403155363236717979,wrapped-token mints used throughout (SOL/WETH/USDT/USDC/JUP/XAUt0 wrapped or SPL forms); no native-SOL variant observed,OK
jtx_capture_sanitized_20260729T044831Z.json,USDC->WETH,1000.0,2026-07-29T04:48:31.560Z,1000000000,52657143,52669569,52678743,2.0,2.0,True,2.3592,-4.1003,2.0,0.3592,0.783,STRONG,HumidiFi,1,50,0,wrapped-token mints used throughout (SOL/WETH/USDT/USDC/JUP/XAUt0 wrapped or SPL forms); no native-SOL variant observed,OK
jtx_capture_sanitized_20260729T045511Z.json,USDC->WETH,1000.0,2026-07-29T04:55:11.173Z,1000000000,52600619,52611141,52613541,2.0,2.0,True,2.0,-2.456,2.0,-0.0,0.695,STRONG,HumidiFi,1,50,0,wrapped-token mints used throughout (SOL/WETH/USDT/USDC/JUP/XAUt0 wrapped or SPL forms); no native-SOL variant observed,OK
jtx_capture_sanitized_20260729T050209Z.json,USDC->WETH,1000.0,2026-07-29T05:02:09.587Z,1000000000,52513813,52533593,52509285,2.0,2.0,True,3.7652,0.8623,2.0,1.7652,1.411,STRONG,Whirlpools|HumidiFi,2,50,0.0003395079292628004143946976,wrapped-token mints used throughout (SOL/WETH/USDT/USDC/JUP/XAUt0 wrapped or SPL forms); no native-SOL variant observed,OK
